Activity,22 Year Olds, Chloe 
Sleep,6.49890625,5.32941176471
Personal Care,0.578745791246,0.547058823529
Household activities,0.838005050505,1.10490196078
Work,3.83111861862,7.13039215686
Education,1.89146825397,6.17450980392
Eating and Drinking,0.571283783784,0.641176470588
Socializing and Leisure,1.8267413325,2.21176470588
Sports,1.17013888889,0.206862745098
Traveling,0.310698949467,1.31862745098
