Activity,22 Year Olds, Chloe 
Sleep,6.49890625,4.45
Personal Care,0.578745791246,0.644117647059
Household activities,0.838005050505,1.10490196078
Work,3.83111861862,2.92156862745
Education,1.89146825397,5.66176470588
Eating and Drinking,0.571283783784,0.641176470588
Socializing and Leisure,1.8267413325,2.76960784314
Traveling,0.310698949467,1.82058823529
