Activity, Chloe 
Sleep,5.21547619048
Personal Care,0.664285714286
Household activities,1.02142857143
Work,7.52142857143
Education,5.53333333333
Eating,0.777380952381
Socializing and Leisure,2.00714285714
Sports,0.25119047619
Traveling,1.2130952381
