Activity, Chloe 
Sleep,4.45
Personal Care,0.644117647059
Household activities,1.10490196078
Work,2.92156862745
Education,5.66176470588
Eating and Drinking,0.641176470588
Socializing and Leisure,2.76960784314
Traveling,1.82058823529
