Activity, Chloe 
Sleep,4.53137254902
Personal Care,0.644117647059
Household activities,1.10490196078
Work,7.12941176471
Education,6.37352941176
Eating and Drinking,0.641176470588
Socializing and Leisure,2.21176470588
Sports,0.206862745098
Traveling,1.82058823529
