Activity,Everyone, Chloe 
Sleep,5.54880182917,4.53137254902
Personal Care,0.550273287766,0.644117647059
Household activities,0.797256883569,1.10490196078
Work,3.61346576673,7.12941176471
Education,2.21430416844,6.37352941176
Eating and Drinking,0.56222061414,0.641176470588
Socializing and Leisure,1.81908545597,2.21176470588
Sports,1.36043343343,0.206862745098
Traveling,0.344389320695,1.82058823529
