Activity,Everyone, Chloe 
Sleep,5.54880182917,4.45
Personal Care,0.550273287766,0.644117647059
Household activities,0.797256883569,1.10490196078
Work,3.61346576673,2.92156862745
Education,2.21430416844,5.66176470588
Eating and Drinking,0.56222061414,0.641176470588
Socializing and Leisure,1.81908545597,2.76960784314
Traveling,0.344389320695,1.82058823529
