Activity,Everyone, Chloe 
Sleep,5.54880182917,5.21547619048
Personal Care,0.550273287766,0.664285714286
Household activities,0.797256883569,1.02142857143
Work,3.61346576673,7.52142857143
Education,2.21430416844,5.53333333333
Eating,0.56222061414,0.777380952381
Socializing and Leisure,1.81908545597,2.00714285714
Sports,1.36043343343,0.25119047619
Traveling,0.344389320695,1.2130952381
