Activity,Students, Chloe 
Sleep,5.42222699163,4.45
Personal Care,0.564167202549,0.644117647059
Household activities,0.79782482545,1.10490196078
Work,3.51377601247,3.55196078431
Education,2.14507193192,5.66176470588
Eating and Drinking,0.564852527129,0.641176470588
Socializing and Leisure,1.95251752919,2.76960784314
Traveling,0.339706890583,1.6568627451
