Activity,22 Year Old Students, Chloe 
Sleep,6.41541666667,4.45
Personal Care,0.459375,0.644117647059
Household activities,0.519230769231,1.10490196078
Work,3.1869047619,3.55196078431
Education,1.91262626263,5.66176470588
Eating and Drinking,0.590451388889,0.641176470588
Socializing and Leisure,2.15508333333,2.76960784314
Traveling,0.398328664799,1.6568627451
