Activity,22 Year Old Students, Chloe 
Sleep,6.41541666667,4.53137254902
Personal Care,0.459375,0.644117647059
Household activities,0.519230769231,1.10490196078
Work,3.1869047619,6.48725490196
Education,1.91262626263,6.37352941176
Eating and Drinking,0.590451388889,0.641176470588
Socializing and Leisure,2.15508333333,2.21176470588
Traveling,0.398328664799,1.82058823529
