Activity,Female Students, Chloe 
Sleep,5.40044754316,5.32941176471
Personal Care,0.508226353175,0.547058823529
Household activities,0.885108658886,1.10490196078
Work,3.55646289252,7.13039215686
Education,2.05201288245,6.17450980392
Eating and Drinking,0.588158122011,0.641176470588
Socializing and Leisure,2.10432876165,2.21176470588
Sports,1.36847413229,0.206862745098
Traveling,0.3501519282,1.31862745098
