Activity,Female Students, Chloe 
Sleep,5.40044754316,4.53137254902
Personal Care,0.508226353175,0.644117647059
Household activities,0.885108658886,1.10490196078
Work,3.55646289252,6.48725490196
Education,2.05201288245,6.37352941176
Eating and Drinking,0.588158122011,0.641176470588
Socializing and Leisure,2.10432876165,2.21176470588
Traveling,0.3501519282,1.82058823529
