Activity,Female Students, Chloe 
Sleep,5.40044754316,5.21547619048
Personal Care,0.508226353175,0.664285714286
Household activities,0.885108658886,1.02142857143
Work,3.55646289252,7.52142857143
Education,2.05201288245,5.53333333333
Eating,0.588158122011,0.777380952381
Socializing and Leisure,2.10432876165,2.00714285714
Sports,1.36847413229,0.25119047619
Traveling,0.3501519282,1.2130952381
