Activity,22yo Female Students, Chloe 
Sleep,6.635,4.45
Personal Care,0.345833333333,0.644117647059
Household activities,0.583333333333,1.10490196078
Work,3.27291666667,5.33823529412
Education,1.4375,5.66176470588
Eating and Drinking,0.501736111111,0.641176470588
Socializing and Leisure,2.296,2.76960784314
Traveling,0.311904761905,1.82058823529
