Activity,22 year old women, Chloe 
Sleep,6.57200854701,5.21547619048
Personal Care,0.466845878136,0.664285714286
Household activities,0.882971014493,1.02142857143
Work,4.32695707071,7.52142857143
Education,1.63333333333,5.53333333333
Eating,0.567592592593,0.777380952381
Socializing and Leisure,1.78299227799,2.00714285714
Sports,1.1375,0.25119047619
Traveling,0.305972789116,1.2130952381
