Activity,22 Year Old Women, Chloe 
Sleep,6.57200854701,4.53137254902
Personal Care,0.466845878136,0.644117647059
Household activities,0.882971014493,1.10490196078
Work,4.32695707071,7.12941176471
Education,1.63333333333,6.37352941176
Eating and Drinking,0.567592592593,0.641176470588
Socializing and Leisure,1.78299227799,2.21176470588
Traveling,0.305972789116,1.82058823529
