Activity,Women, Chloe 
Sleep,5.57421498057,5.32941176471
Personal Care,0.481853666395,0.547058823529
Household activities,0.89173679246,1.10490196078
Work,3.75917255774,7.13039215686
Education,2.2801850022,6.17450980392
Eating and Drinking,0.57622945762,0.641176470588
Socializing and Leisure,1.961370635,2.21176470588
Sports,1.56035395846,0.206862745098
Traveling,0.366401090948,1.31862745098
