Activity,Women, Chloe 
Sleep,5.57421498057,4.45
Personal Care,0.481853666395,0.644117647059
Household activities,0.89173679246,1.10490196078
Work,3.75917255774,3.55196078431
Education,2.2801850022,5.66176470588
Eating and Drinking,0.57622945762,0.641176470588
Socializing and Leisure,1.961370635,2.76960784314
Traveling,0.366401090948,1.6568627451
