Activity,Women, Chloe 
Sleep,5.57421498057,4.53137254902
Personal Care,0.481853666395,0.644117647059
Household activities,0.89173679246,1.10490196078
Work,3.75917255774,7.12941176471
Education,2.2801850022,6.37352941176
Eating and Drinking,0.57622945762,0.641176470588
Socializing and Leisure,1.961370635,2.21176470588
Traveling,0.366401090948,1.82058823529
